Creation_Date;Internal_Key;ISIN;RIC;Instrument_Name;Country;Currency;Exchange;Index Membership;Rank (FINAL)
20260501;546078;NL0010273215;ASML.AS;ASML HLDG;NL;EUR;Euronext Amsterdam;Large;1
20260501;40054;GB0005405286;HSBA.L;HSBC;GB;GBP;London SE;Large;2
20260501;98952;GB0009895292;AZN.L;ASTRAZENECA;GB;GBP;London SE;Large;3
20260501;474577;CH0012032048;ROPC.S;ROCHE PS;CH;CHF;Six Swiss Exchange;Large;4
20260501;477408;CH0012005267;NOVN.S;NOVARTIS;CH;CHF;Six Swiss Exchange;Large;5
20260501;461669;CH0038863350;NESN.S;NESTLE;CH;CHF;Six Swiss Exchange;Large;6
20260501;B09CBL;GB00BP6MXD84;SHEL.AS;SHELL;GB;EUR;Euronext Amsterdam;Large;7
20260501;480710;DE0007236101;SIEGn.DE;SIEMENS;DE;EUR;XETRA;Large;8
20260501;490541;FR0000120271;TTEF.PA;TOTALENERGIES;FR;EUR;Euronext Paris;Large;9
20260501;483410;FR0000121972;SCHN.PA;SCHNEIDER ELECTRIC;FR;EUR;Euronext Paris;Large;10
20260501;407228;ES0113900J37;SAN.MC;BCO SANTANDER;ES;EUR;BME Exchange;Large;11
20260501;476361;DE0007164600;SAPG.DE;SAP;DE;EUR;XETRA;Large;12
20260501;401632;DE0008404005;ALVG.DE;ALLIANZ;DE;EUR;XETRA;Large;13
20260501;DE004V;DE000ENER6Y0;ENR1n.DE;SIEMENS ENERGY;DE;EUR;XETRA;Large;14
20260501;408580;CH0012221716;ABBN.S;ABB;CH;CHF;Six Swiss Exchange;Large;15
20260501;442464;ES0144580Y14;IBE.MC;IBERDROLA;ES;EUR;BME Exchange;Large;16
20260501;465191;DK0060534915;NOVOb.CO;NOVO NORDISK B;DK;DKK;NASDAQ Copenhagen;Large;17
20260501;478511;CH0244767585;UBSG.S;UBS GROUP;CH;CHF;Six Swiss Exchange;Large;18
20260501;74776;GB00B63H8491;RR.L;ROLLS ROYCE HLDG;GB;GBP;London SE;Large;19
20260501;454005;FR0000121014;LVMH.PA;LVMH MOET HENNESSY;FR;EUR;Euronext Paris;Large;20
20260501;13849;GB0007980591;BP.L;BP;GB;GBP;London SE;Large;21
20260501;28758;GB0002875804;BATS.L;BRITISH AMERICAN TOBACCO;GB;GBP;London SE;Large;22
20260501;91321;GB00B10RZP78;ULVR.L;UNILEVER PLC;GB;GBP;London SE;Large;23
20260501;550190;ES0113211835;BBVA.MC;BCO BILBAO VIZCAYA ARGENTARIA;ES;EUR;BME Exchange;Large;24
20260501;401140;FR0000120073;AIRP.PA;AIR LIQUIDE;FR;EUR;Euronext Paris;Large;25
20260501;401225;NL0000235190;AIR.PA;AIRBUS;FR;EUR;Euronext Paris;Large;26
20260501;476776;FR0000073272;SAF.PA;SAFRAN;FR;EUR;Euronext Paris;Large;27
20260501;423244;IT0005239360;CRDI.MI;UNICREDIT;IT;EUR;Borsa Italiana;Large;28
20260501;511938;DE0005557508;DTEGn.DE;DEUTSCHE TELEKOM;DE;EUR;XETRA;Large;29
20260501;413366;FR0000131104;BNPP.PA;BNP PARIBAS;FR;EUR;Euronext Paris;Large;30
20260501;71887;GB0007188757;RIO.L;RIO TINTO;GB;GBP;London SE;Large;31
20260501;37178;GB00BN7SWP63;GSK.L;GSK;GB;GBP;London SE;Large;32
20260501;477518;FR0000120578;SASY.PA;SANOFI;FR;EUR;Euronext Paris;Large;33
20260501;407683;IT0000072618;ISP.MI;INTESA SANPAOLO;IT;EUR;Borsa Italiana;Large;34
20260501;453478;FR0000120321;OREP.PA;L'OREAL;FR;EUR;Euronext Paris;Large;35
20260501;473821;CH0210483332;CFR.S;CIE FINANCIERE RICHEMONT;CH;CHF;Six Swiss Exchange;Large;36
20260501;499187;CH0011075394;ZURN.S;ZURICH INSURANCE GROUP;CH;CHF;Six Swiss Exchange;Large;37
20260501;24282;GB00BDR05C01;NG.L;NATIONAL GRID;GB;GBP;London SE;Large;38
20260501;579802;IT0003128367;ENEI.MI;ENEL;IT;EUR;Borsa Italiana;Large;39
20260501;481808;FR0000125486;SGEF.PA;VINCI;FR;EUR;Euronext Paris;Large;40
20260501;588950;DE0006231004;IFXGn.DE;INFINEON TECHNOLOGIES;DE;EUR;XETRA;Large;41
20260501;448816;NL0011821202;INGA.AS;ING GRP;NL;EUR;Euronext Amsterdam;Large;42
20260501;458887;FR0000120628;AXAF.PA;AXA;FR;EUR;Euronext Paris;Large;43
20260501;12715;GB0002634946;BAES.L;BAE SYSTEMS;GB;GBP;London SE;Large;44
20260501;7820;GB0031348658;BARC.L;BARCLAYS;GB;GBP;London SE;Large;45
20260501;87061;GB0008706128;LLOY.L;LLOYDS BANKING GRP;GB;GBP;London SE;Large;46
20260501;461075;DE0008430026;MUVGn.DE;MUENCHENER RUECK;DE;EUR;XETRA;Large;47
20260501;475531;BE0974293251;ABI.BR;ANHEUSER-BUSCH INBEV;BE;EUR;Euronext Brussels;Large;48
20260501;446963;SE0015811963;INVEb.ST;INVESTOR B;SE;SEK;NASDAQ Stockholm;Large;49
20260501;533458;DE0007030009;RHMG.DE;RHEINMETALL;DE;EUR;XETRA;Large;50
20260501;GB10B3;JE00B4T3BW64;GLEN.L;GLENCORE PLC;GB;GBP;London SE;Large;51
20260501;463841;FI0009000681;NOKIA.HE;NOKIA;FI;EUR;NASDAQ Helsinki;Large;52
20260501;441842;FR0000052292;HRMS.PA;HERMES INTERNATIONAL;FR;EUR;Euronext Paris;Large;53
20260501;73087;GB00B2B0DG97;REL.L;RELX PLC;GB;GBP;London SE;Large;54
20260501;430376;FR0000121667;ESLX.PA;ESSILORLUXOTTICA;FR;EUR;Euronext Paris;Large;55
20260501;711131;ES0148396007;ITX.MC;Industria de Diseno Textil SA;ES;EUR;BME Exchange;Large;56
20260501;75478;GB00BM8PJY71;NWG.L;NATWEST GROUP;GB;GBP;London SE;Large;57
20260501;95298;GB00B0SWJX34;LSEG.L;LONDON STOCK EXCHANGE;GB;GBP;London SE;Large;58
20260501;478184;FI4000297767;NDAFI.HE;NORDEA BANK;FI;EUR;NASDAQ Helsinki;Large;59
20260501;481775;FR0000130809;SOGN.PA;GRP SOCIETE GENERALE;FR;EUR;Euronext Paris;Large;60
20260501;B0C2CQ;FR0010208488;ENGIE.PA;ENGIE;FR;EUR;Euronext Paris;Large;61
20260501;426724;DE0005140008;DBKGn.DE;DEUTSCHE BANK;DE;EUR;XETRA;Large;62
20260501;NL901I;NL0013654783;PRX.AS;Prosus;NL;EUR;Euronext Amsterdam;Large;63
20260501;408348;DE000BASF111;BASFn.DE;BASF;DE;EUR;XETRA;Large;64
20260501;702196;DE0005810055;DB1Gn.DE;DEUTSCHE BOERSE;DE;EUR;XETRA;Large;65
20260501;461785;DE0005552004;DHLn.DE;DEUTSCHE POST;DE;EUR;XETRA;Large;66
20260501;493117;SE0000115446;VOLVb.ST;VOLVO B;SE;SEK;NASDAQ Stockholm;Large;67
20260501;443639;IT0003132476;ENI.MI;ENI;IT;EUR;Borsa Italiana;Large;68
20260501;490151;GB00B1XZS820;AAL.L;ANGLO AMERICAN;GB;GBP;London SE;Large;69
20260501;53315;GB00BD6K4575;CPG.L;COMPASS GRP;GB;USD;London SE;Large;70
20260501;407023;FR0000120644;DANO.PA;DANONE;FR;EUR;Euronext Paris;Large;71
20260501;492752;DE000ENAG999;EONGn.DE;E.ON;DE;EUR;XETRA;Large;72
20260501;473550;DE0007037129;RWEG.DE;RWE;DE;EUR;XETRA;Large;73
20260501;442048;CH0012214059;HOLN.S;Holcim;CH;CHF;Six Swiss Exchange;Large;74
20260501;405671;IT0000062072;GASI.MI;ASSICURAZIONI GENERALI;IT;EUR;Borsa Italiana;Large;75
20260501;405097;SE0017486889;ATCOa.ST;ATLAS COPCO A;SE;SEK;NASDAQ Stockholm;Large;76
20260501;BE8041;NL0010832176;ARGX.BR;ARGENX;BE;EUR;Euronext Brussels;Large;77
20260501;587296;DK0060079531;DSV.CO;DSV;DK;DKK;NASDAQ Copenhagen;Large;78
20260501;478165;CH0126881561;SRENH.S;SWISS REINSURANCE COMPANY;CH;CHF;Six Swiss Exchange;Large;79
20260501;888051;NL0000334118;ASMI.AS;ASM INTERNATIONAL;NL;EUR;Euronext Amsterdam;Large;80
20260501;B11ZRK;FR0010307819;LEGD.PA;LEGRAND;FR;EUR;Euronext Paris;Large;81
20260501;83860;GB0004082847;STAN.L;STANDARD CHARTERED;GB;GBP;London SE;Large;82
20260501;476837;FR0000125007;SGOB.PA;SAINT GOBAIN;FR;EUR;Euronext Paris;Large;83
20260501;EE009;ES0140609019;CABK.MC;CAIXABANK;ES;EUR;BME Exchange;Large;84
20260501;39600;GB0002374006;DGE.L;DIAGEO;GB;GBP;London SE;Large;85
20260501;B1W4V6;IT0004176001;PRY.MI;PRYSMIAN;IT;EUR;Borsa Italiana;Large;86
20260501;477472;SE0000667891;SAND.ST;SANDVIK;SE;SEK;NASDAQ Stockholm;Large;87
20260501;408530;DE000BAY0017;BAYGn.DE;BAYER;DE;EUR;XETRA;Large;88
20260501;79087;GB0007908733;SSE.L;SCOTTISH & SOUTHERN ENERGY;GB;GBP;London SE;Large;89
20260501;579422;CH0013841017;LONN.S;LONZA;CH;CHF;Six Swiss Exchange;Large;90
20260501;72769;GB00B24CGK77;RKT.L;RECKITT BENCKISER GRP;GB;GBP;London SE;Large;91
20260501;425240;DE0007100000;MBGn.DE;MERCEDES-BENZ GROUP;DE;EUR;XETRA;Large;92
20260501;401093;NL0011794037;AD.AS;AHOLD DELHAIZE;NL;EUR;Euronext Amsterdam;Large;93
20260501;88470;GB00BLGZ9862;TSCO.L;TESCO;GB;GBP;London SE;Large;94
20260501;517617;FR0000133308;ORAN.PA;ORANGE;FR;EUR;Euronext Paris;Large;95
20260501;IT509P;NL0011585146;RACE.MI;FERRARI;IT;EUR;Borsa Italiana;Large;96
20260501;GB20WP;GB00BMX86B70;HLN.L;HALEON;GB;GBP;London SE;Large;97
20260501;70995;GB0007099541;PRU.L;PRUDENTIAL;GB;GBP;London SE;Large;98
20260501;400930;SE0007100581;ASSAb.ST;ASSA ABLOY;SE;SEK;NASDAQ Stockholm;Large;99
20260501;CH90EG;CH0432492467;ALCC.S;ALCON;CH;CHF;Six Swiss Exchange;Large;100
20260501;477670;NL0000226223;STMMI.MI;STMICROELECTRONICS;IT;EUR;Borsa Italiana;Large;101
20260501;NL802I;NL0012969182;ADYEN.AS;ADYEN;NL;EUR;Euronext Amsterdam;Large;102
20260501;CH303Z;CH1243598427;SDZ.S;SANDOZ GROUP;CH;CHF;Six Swiss Exchange;Large;103
20260501;430384;SE0000108656;ERICb.ST;ERICSSON LM B;SE;SEK;NASDAQ Stockholm;Large;104
20260501;88869;GB00B1YW4409;III.L;3I GROUP PLC.;GB;GBP;London SE;Large;105
20260501;713360;NO0010096985;EQNR.OL;EQUINOR;NO;NOK;Oslo Bors;Large;106
20260501;B03851;ES0118900010;FER.MC;FERROVIAL;ES;EUR;BME Exchange;Large;107
20260501;491062;BE0003739530;UCB.BR;UCB;BE;EUR;Euronext Brussels;Large;108
20260501;426292;DK0010274414;DANSKE.CO;DANSKE BANK;DK;DKK;NASDAQ Copenhagen;Large;109
20260501;528586;CH0014852781;SLHN.S;SWISS LIFE HLDG;CH;CHF;Six Swiss Exchange;Large;110
20260501;528983;AT0000652011;ERST.VI;ERSTE GROUP BANK;AT;EUR;Wiener Boerse AG;Large;111
20260501;38470;GB00B19NLV48;EXPN.L;EXPERIAN;GB;GBP;London SE;Large;112
20260501;CH4074;CH1335392721;GALD.S;GALDERMA GROUP N;CH;CHF;Six Swiss Exchange;Large;113
20260501;484652;SE0000242455;SWEDa.ST;SWEDBANK;SE;SEK;NASDAQ Stockholm;Large;114
20260501;906045;GB0000536739;SUNB.L;SUNBELT RENTALS HOLDINGS;GB;GBP;London SE;Large;115
20260501;403197;DE000A1EWWW0;ADSGn.DE;ADIDAS;DE;EUR;XETRA;Large;116
20260501;481334;SE0000148884;SEBa.ST;SKANDINAVISKA ENSKILDA BK A;SE;SEK;NASDAQ Stockholm;Large;117
20260501;544489;DK0061539921;VWS.CO;VESTAS WIND SYSTEMS;DK;DKK;NASDAQ Copenhagen;Large;118
20260501;71921;GB00BH4HKS39;VOD.L;VODAFONE GRP;GB;GBP;London SE;Large;119
20260501;533338;ES0167050915;ACS.MC;ACS;ES;EUR;BME Exchange;Large;120
20260501;473322;ES0173516115;REP.MC;REPSOL;ES;EUR;BME Exchange;Large;121
20260501;480808;CH0418792922;SIKA.S;SIKA;CH;CHF;Six Swiss Exchange;Large;122
20260501;449774;BE0003565737;KBC.BR;KBC GRP;BE;EUR;Euronext Brussels;Large;123
20260501;421342;DE000CBK1001;CBKG.DE;COMMERZBANK;DE;EUR;XETRA;Large;124
20260501;45449;GB0004544929;IMB.L;IMPERIAL BRANDS;GB;GBP;London SE;Large;125
20260501;EF2;FR0000124141;VIE.PA;VEOLIA ENVIRONNEMENT;FR;EUR;Euronext Paris;Large;126
20260501;SE90U9;SE0012853455;EQTAB.ST;EQT;SE;SEK;NASDAQ Stockholm;Large;127
20260501;441870;DE0006047004;HEIG.DE;HEIDELBERG MATERIALS;DE;EUR;XETRA;Large;128
20260501;598061;CH0010645932;GIVN.S;GIVAUDAN;CH;CHF;Six Swiss Exchange;Large;129
20260501;DE14EA;DE000DTR0CK8;DTGGe.DE;DAIMLER TRUCK;DE;EUR;XETRA;Large;130
20260501;416279;FR0000121329;TCFP.PA;THALES;FR;EUR;Euronext Paris;Large;131
20260501;21623;GB00BPQY8M80;AV.L;AVIVA;GB;GBP;London SE;Large;132
20260501;ES0017;ES0109067019;AMA.MC;AMADEUS IT GROUP;ES;EUR;BME Exchange;Large;133
20260501;477319;FI0009003305;SAMPO.HE;SAMPO;FI;EUR;NASDAQ Helsinki;Large;134
20260501;408522;DE0005190003;BMWG.DE;BMW;DE;EUR;XETRA;Large;135
20260501;426330;NO0010161896;DNB.OL;DNB BANK;NO;NOK;Oslo Bors;Large;136
20260501;449667;FI0009013403;KNEBV.HE;KONE B;FI;EUR;NASDAQ Helsinki;Large;137
20260501;529525;LU1598757687;MT.AS;ARCELORMITTAL;LU;EUR;Euronext Amsterdam;Large;138
20260501;437915;IT0003856405;LDOF.MI;LEONARDO;IT;EUR;Borsa Italiana;Large;139
20260501;458836;FR001400AJ45;MICP.PA;MICHELIN;FR;EUR;Euronext Paris;Large;140
20260501;B119QG;CH0024608827;PGHN.S;PARTNERS GRP HLDG;CH;CHF;Six Swiss Exchange;Large;141
20260501;1978;IE00BF0L3536;AIBG.I;AIB GROUP;IE;EUR;Euronext Dublin;Large;142
20260501;569954;IT0005218752;BMPS.MI;BANCA MONTE DEI PASCHI;IT;EUR;Borsa Italiana;Large;143
20260501;NL123E;NL0015000IY2;UMG.AS;UMG;NL;EUR;Euronext Amsterdam;Large;144
20260501;NL403F;NL0010773842;NN.AS;NN GROUP;NL;EUR;Euronext Amsterdam;Large;145
20260501;672626;CH0030170408;GEBN.S;GEBERIT;CH;CHF;Six Swiss Exchange;Large;146
20260501;B096C6;SE0015961909;HEXAb.ST;HEXAGON B;SE;SEK;NASDAQ Stockholm;Large;147
20260501;40520;GB0004052071;HLMA.L;HALMA;GB;GBP;London SE;Large;148
20260501;B03NGS;PLPKO0000016;PKO.WA;PKO BANK;PL;PLN;Warsaw SE;Large;149
20260501;441930;NL0000009165;HEIN.AS;HEINEKEN;NL;EUR;Euronext Amsterdam;Large;150
20260501;470774;FR0000130577;PUBP.PA;PUBLICIS GRP;FR;EUR;Euronext Paris;Large;151
20260501;11517;IE00BYTBXV33;RYA.I;RYANAIR;IE;EUR;Euronext Dublin;Large;152
20260501;486863;SE0007100599;SHBa.ST;SVENSKA HANDELSBANKEN A;SE;SEK;NASDAQ Stockholm;Large;153
20260501;726261;FR0000045072;CAGR.PA;CREDIT AGRICOLE;FR;EUR;Euronext Paris;Large;154
20260501;553397;CH0008742519;SCMN.S;SWISSCOM;CH;CHF;Six Swiss Exchange;Large;155
20260501;42186;GB0032089863;NXT.L;NEXT;GB;GBP;London SE;Large;156
20260501;NL704J;NL0012866412;BESI.AS;BE SEMICONDUCTOR;NL;EUR;Euronext Amsterdam;Mid;157
20260501;465853;DK0060336014;NSISb.CO;NOVONESIS;DK;DKK;NASDAQ Copenhagen;Large;158
20260501;NL602G;NL0011540547;ABNd.AS;ABN AMRO BANK;NL;EUR;Euronext Amsterdam;Large;159
20260501;581006;PLPKN0000018;PKN.WA;ORLEN;PL;PLN;Warsaw SE;Mid;160
20260501;8320;GB00BHJYC057;IHG.L;INTERCONTINENTAL HOTELS GRP;GB;USD;London SE;Large;161
20260501;929869;CH0466642201;HBANC.S;HELVETIA BALOISE HLDG;CH;CHF;Six Swiss Exchange;Mid;162
20260501;411609;IT0000066123;EMII.MI;BPER Banca;IT;EUR;Borsa Italiana;Large;163
20260501;EG7;DE0007664039;VOWG_p.DE;VOLKSWAGEN PREF;DE;EUR;XETRA;Large;164
20260501;416343;FR0000125338;CAPP.PA;CAP GEMINI;FR;EUR;Euronext Paris;Large;165
20260501;468520;NL0000009538;PHG.AS;PHILIPS;NL;EUR;Euronext Amsterdam;Large;166
20260501;453456;NL0000009082;KPN.AS;KPN;NL;EUR;Euronext Amsterdam;Large;167
20260501;452518;FI0009003727;WRT1V.HE;WARTSILA;FI;EUR;NASDAQ Helsinki;Large;168
20260501;CH6010;CH0311864901;VACN.S;VAT GROUP AG;CH;CHF;Six Swiss Exchange;Mid;169
20260501;546955;SE0000112385;SAABb.ST;SAAB B;SE;SEK;NASDAQ Stockholm;Large;170
20260501;ES504F;ES0105046009;AENA.MC;AENA SME;ES;EUR;BME Exchange;Large;171
20260501;435209;DE0005785604;FREG.DE;FRESENIUS;DE;EUR;XETRA;Large;172
20260501;DE3082;DE000A1ML7J1;VNAn.DE;Vonovia SE;DE;EUR;XETRA;Large;173
20260501;709538;ES0113860A34;SABE.MC;BCO SABADELL;ES;EUR;BME Exchange;Large;174
20260501;470384;FR0000121485;PRTP.PA;Kering;FR;EUR;Euronext Paris;Large;175
20260501;926288;GB0000456144;ANTO.L;ANTOFAGASTA;GB;GBP;London SE;Large;176
20260501;14084;GB0030913577;BT.L;BT GRP;GB;GBP;London SE;Large;177
20260501;51152;GB0005603997;LGEN.L;LEGAL & GENERAL GRP;GB;GBP;London SE;Large;178
20260501;B09DHL;DE000A0D9PT0;MTXGn.DE;MTU AERO ENGINES;DE;EUR;XETRA;Large;179
20260501;451180;DE0008402215;HNRGn.DE;HANNOVER RUECK;DE;EUR;XETRA;Large;180
20260501;497711;NL0000395903;WLSNc.AS;WOLTERS KLUWER;NL;EUR;Euronext Amsterdam;Large;181
20260501;482476;CH0002497458;SGSN.S;SGS;CH;CHF;Six Swiss Exchange;Large;182
20260501;SE80GU;SE0015658109;EPIRa.ST;EPIROC A;SE;SEK;NASDAQ Stockholm;Large;183
20260501;7560;IE00BD1RP616;BIRG.I;BANK OF IRELAND GROUP;IE;EUR;Euronext Dublin;Mid;184
20260501;733268;SE0000695876;ALFA.ST;ALFA LAVAL;SE;SEK;NASDAQ Stockholm;Mid;185
20260501;459573;DK0010272202;GMAB.CO;GENMAB;DK;DKK;NASDAQ Copenhagen;Large;186
20260501;B01BN5;IT0003242622;TRN.MI;TERNA;IT;EUR;Borsa Italiana;Mid;187
20260501;73303;GB00B082RF11;RTO.L;RENTOKIL INITIAL;GB;GBP;London SE;Mid;188
20260501;EY030;CH0102484968;BAER.S;JULIUS BAER GRP;CH;CHF;Six Swiss Exchange;Large;189
20260501;488082;ES0178430E18;TEF.MC;TELEFONICA;ES;EUR;BME Exchange;Large;190
20260501;474184;DE0006599905;MRCG.DE;MERCK;DE;EUR;XETRA;Large;191
20260501;ES502D;ES0105066007;CLNX.MC;CELLNEX TELECOM;ES;EUR;BME Exchange;Large;192
20260501;524918;PTEDP0AM0009;EDP.LS;EDP (PT);PT;EUR;Euronext Lisbon;Mid;193
20260501;411515;FR0000120503;BOUY.PA;BOUYGUES;FR;EUR;Euronext Paris;Mid;194
20260501;737826;IT0005218380;BAMI.MI;BANCO BPM;IT;EUR;Borsa Italiana;Mid;195
20260501;533004;FR0014003TT8;DAST.PA;DASSAULT SYSTEMS;FR;EUR;Euronext Paris;Large;196
20260501;725147;IT0003153415;SRG.MI;SNAM RETE GAS;IT;EUR;Borsa Italiana;Mid;197
20260501;505125;FI0009005987;UPM.HE;UPM KYMMENE;FI;EUR;NASDAQ Helsinki;Large;198
20260501;936469;FR0000130452;FOUG.PA;EIFFAGE;FR;EUR;Euronext Paris;Mid;199
20260501;SE707K;SE0009922164;ESSITYb.ST;Essity B;SE;SEK;NASDAQ Stockholm;Large;200
20260501;DE8087;DE000SHL1006;SHLG.DE;SIEMENS HEALTHINEERS;DE;EUR;XETRA;Large;201
20260501;IT404J;IT0000072170;FBK.MI;FINECOBANK;IT;EUR;Borsa Italiana;Mid;202
20260501;XXXXX3;FI0009013296;NESTE.HE;NESTE;FI;EUR;NASDAQ Helsinki;Mid;203
20260501;433560;NL00150001Q9;STLAM.MI;STELLANTIS;IT;EUR;Borsa Italiana;Large;204
20260501;726619;SE0017768716;BOL.ST;BOLIDEN;SE;SEK;NASDAQ Stockholm;Large;205
20260501;520824;NO0003043309;KOG.OL;KONGSBERG GRUPPEN;NO;NOK;Oslo Bors;Mid;206
20260501;468232;FR0000120693;PERP.PA;PERNOD RICARD;FR;EUR;Euronext Paris;Large;207
20260501;772868;CH0025751329;LOGN.S;LOGITECH INTERNATIONAL;CH;CHF;Six Swiss Exchange;Large;208
20260501;449123;IE0004927939;KSP.I;KINGSPAN GRP;IE;EUR;Euronext Dublin;Large;209
20260501;464580;NO0005052605;NHY.OL;NORSK HYDRO;NO;NOK;Oslo Bors;Mid;210
20260501;733750;CH0024638196;SCHP.S;SCHINDLER P;CH;CHF;Six Swiss Exchange;Mid;211
20260501;431536;ES0130670112;ELE.MC;ENDESA;ES;EUR;BME Exchange;Mid;212
20260501;594176;CH0008038389;SPSN.S;SWISS PRIME SITE;CH;CHF;Six Swiss Exchange;Mid;213
20260501;26256;GB00BMJ6DW54;INF.L;INFORMA;GB;GBP;London SE;Large;214
20260501;49065;IE0004906560;KYGa.I;KERRY GRP;IE;EUR;Euronext Dublin;Large;215
20260501;81660;GB0009223206;SN.L;SMITH & NEPHEW;GB;GBP;London SE;Large;216
20260501;IT402H;IT0004965148;MONC.MI;MONCLER;IT;EUR;Borsa Italiana;Large;217
20260501;64623;GB00B39J2M42;UU.L;UNITED UTILITIES GRP;GB;GBP;London SE;Mid;218
20260501;18390;GB00B033F229;CNA.L;CENTRICA;GB;GBP;London SE;Mid;219
20260501;FR405F;NL0006294274;ENX.PA;EURONEXT;FR;EUR;Euronext Paris;Mid;220
20260501;AT701B;AT0000BAWAG2;BAWG.VI;BAWAG GROUP AG;AT;EUR;Wiener Boerse AG;Mid;221
20260501;491134;FR0013326246;URW.PA;UNIBAIL-RODAMCO-WESTFIELD;FR;EUR;Euronext Paris;Mid;222
20260501;546435;CH1175448666;STMN.S;STRAUMANN;CH;CHF;Six Swiss Exchange;Large;223
20260501;400169;BE0974264930;AGES.BR;AGEAS;BE;EUR;Euronext Brussels;Mid;224
20260501;GB7020;GB0001826634;DPLM.L;DIPLOMA;GB;GBP;London SE;Mid;225
20260501;715674;CH0025238863;KNIN.S;KUEHNE + NAGEL;CH;CHF;Six Swiss Exchange;Mid;226
20260501;424910;NL0000009827;DSFIR.AS;DSM FIRMENICH AG;NL;EUR;Euronext Amsterdam;Mid;227
20260501;417754;FR0000120172;CARR.PA;CARREFOUR;FR;EUR;Euronext Paris;Mid;228
20260501;416921;DK0010181759;CARLb.CO;CARLSBERG B;DK;DKK;NASDAQ Copenhagen;Mid;229
20260501;442072;CH0198251305;CCH.L;COCA-COLA HBC;GB;GBP;London SE;Mid;230
20260501;926294;GB00B02J6398;ADML.L;ADMIRAL GRP;GB;GBP;London SE;Mid;231
20260501;IT602J;IT0003796171;PST.MI;POSTE ITALIANE;IT;EUR;Borsa Italiana;Mid;232
20260501;DK6036;DK0060094928;ORSTED.CO;ORSTED;DK;DKK;NASDAQ Copenhagen;Mid;233
20260501;596228;CH0010570767;LISP.S;LINDT & SPRUENGLI P;CH;CHF;Six Swiss Exchange;Large;234
20260501;597838;SE0000667925;TELIA.ST;TELIA COMPANY;SE;SEK;NASDAQ Stockholm;Mid;235
20260501;GB1EW2;GB00BL9YR756;WISEa.L;WISE A;GB;GBP;London SE;Mid;236
20260501;12905;ES0177542018;ICAG.L;IAG;GB;GBP;London SE;Mid;237
20260501;79851;GB00B1FH8J72;SVT.L;SEVERN TRENT;GB;GBP;London SE;Mid;238
20260501;NO10Q2;NO0010345853;AKRBP.OL;AKER BP;NO;NOK;Oslo Bors;Mid;239
20260501;81410;GB00B5ZN1N88;SGRO.L;SEGRO;GB;GBP;London SE;Mid;240
20260501;B1JB4K;DE000SYM9999;SY1G.DE;SYMRISE;DE;EUR;XETRA;Mid;241
20260501;526325;PLKGHM000017;KGH.WA;KGHM;PL;PLN;Warsaw SE;Mid;242
20260501;506506;SE0005190238;TEL2b.ST;TELE2 B;SE;SEK;NASDAQ Stockholm;Mid;243
20260501;80216;GB00B8C3BL03;SGE.L;SAGE GRP;GB;GBP;London SE;Mid;244
20260501;NL604I;NL0011872643;ASRNL.AS;ASR NEDERLAND NV;NL;EUR;Euronext Amsterdam;Mid;245
20260501;442031;DE0006048432;HNKG_p.DE;HENKEL PREF;DE;EUR;XETRA;Large;246
20260501;B1FN8X;FI0009014575;METSO.HE;METSO;FI;EUR;NASDAQ Helsinki;Mid;247
20260501;557955;FI0009007132;FORTUM.HE;FORTUM;FI;EUR;NASDAQ Helsinki;Mid;248
20260501;547311;PLPEKAO00016;PEO.WA;PEKAO;PL;PLN;Warsaw SE;Mid;249
20260501;81827;GB00B1WY2338;SMIN.L;SMITHS GRP;GB;GBP;London SE;Mid;250
20260501;SE1018;SE0000872095;SOBIV.ST;SWEDISH ORPHAN BIOVITRUM;SE;SEK;NASDAQ Stockholm;Mid;251
20260501;143406;CH0012549785;SOON.S;SONOVA;CH;CHF;Six Swiss Exchange;Mid;252
20260501;B28DTJ;FR0006174348;BVI.PA;BUREAU VERITAS;FR;EUR;Euronext Paris;Mid;253
20260501;407141;ES0113679I37;BKT.MC;BANKINTER;ES;EUR;BME Exchange;Mid;254
20260501;15400;GB00B0744B38;BNZL.L;BUNZL;GB;GBP;London SE;Mid;255
20260501;505136;IT0004810054;UNPI.MI;UNIPOL ASSICURAZIONI;IT;EUR;Borsa Italiana;Mid;256
20260501;321430;GB00BYQ0JC66;BEZG.L;BEAZLEY;GB;GBP;London SE;Mid;257
20260501;473249;NO0010063308;TEL.OL;TELENOR;NO;NOK;Oslo Bors;Mid;258
20260501;753851;LU0156801721;TENR.MI;TENARIS;IT;EUR;Borsa Italiana;Mid;259
20260501;CH2072;CH1169360919;ACLN.S;ACCELLERON INDUSTRIES;CH;CHF;Six Swiss Exchange;Mid;260
20260501;400609;NL0000303709;AEGN.AS;AEGON;NL;EUR;Euronext Amsterdam;Mid;261
20260501;465145;AT0000743059;OMVV.VI;OMV;AT;EUR;Wiener Boerse AG;Mid;262
20260501;411232;FR0000120404;ACCP.PA;ACCOR;FR;EUR;Euronext Paris;Mid;263
20260501;401190;NL0013267909;AKZO.AS;AKZO NOBEL;NL;EUR;Euronext Amsterdam;Mid;264
20260501;458260;DE0006602006;G1AG.DE;GEA GRP;DE;EUR;XETRA;Mid;265
20260501;PL001B;PLPZU0000011;PZU.WA;PZU GROUP;PL;PLN;Warsaw SE;Mid;266
20260501;316383;GB0031638363;ITRK.L;INTERTEK GRP;GB;GBP;London SE;Mid;267
20260501;B02L48;NO0003054108;MOWI.OL;MOWI;NO;NOK;Oslo Bors;Mid;268
20260501;45796;GB00BGLP8L22;IMI.L;IMI;GB;GBP;London SE;Mid;269
20260501;FR504F;FR0012757854;SPIE.PA;SPIE;FR;EUR;Euronext Paris;Mid;270
20260501;B1FW75;PTGAL0AM0009;GALP.LS;GALP ENERGIA;PT;EUR;Euronext Lisbon;Mid;271
20260501;481343;SE0000113250;SKAb.ST;SKANSKA B;SE;SEK;NASDAQ Stockholm;Mid;272
20260501;420958;DK0060448595;COLOb.CO;COLOPLAST B;DK;DKK;NASDAQ Copenhagen;Mid;273
20260501;B1VP0K;FR0010451203;RXL.PA;REXEL;FR;EUR;Euronext Paris;Mid;274
20260501;407026;PTBCP0AM0015;BCP.LS;BCO COMERCIAL PORTUGUES;PT;EUR;Euronext Lisbon;Mid;275
20260501;775125;NO0010208051;YAR.OL;YARA;NO;NOK;Oslo Bors;Mid;276
20260501;SE10CJ;SE0014781795;ADDTb.ST;ADDTECH B;SE;SEK;NASDAQ Stockholm;Mid;277
20260501;442990;DE0006070006;HOTG.DE;HOCHTIEF;DE;EUR;XETRA;Mid;278
20260501;94660;GB0009465807;WEIR.L;WEIR GRP;GB;GBP;London SE;Mid;279
20260501;SE70AN;SE0012673267;EVOG.ST;EVOLUTION;SE;SEK;NASDAQ Stockholm;Mid;280
20260501;67760;GB0006776081;PSON.L;PEARSON;GB;GBP;London SE;Mid;281
20260501;56540;GB0031274896;MKS.L;MARKS & SPENCER GRP;GB;GBP;London SE;Mid;282
20260501;465768;NO0003733800;ORK.OL;ORKLA;NO;NOK;Oslo Bors;Mid;283
20260501;591264;CH0018294154;PSPN.S;PSP SWISS PROPERTY;CH;CHF;Six Swiss Exchange;Mid;284
20260501;556582;FR0000121964;LOIM.PA;KLEPIERRE;FR;EUR;Euronext Paris;Mid;285
20260501;CH6032;CH1101098163;BEAN.S;BELIMO HOLDING;CH;CHF;Six Swiss Exchange;Mid;286
20260501;FR402C;FR0011726835;GTT.PA;GAZTRANSPORT ET TECHNIGAZ;FR;EUR;Euronext Paris;Mid;287
20260501;GB90MM;GB00BKFB1C65;MNG.L;M&G;GB;GBP;London SE;Mid;288
20260501;546346;SE0000107203;INDUc.ST;INDUSTRIVARDEN C;SE;SEK;NASDAQ Stockholm;Mid;289
20260501;GB30E8;GB00BGXQNP29;SDLF.L;STANDARD LIFE;GB;GBP;London SE;Mid;290
20260501;462220;FI0009014377;ORNBV.HE;ORION B;FI;EUR;NASDAQ Helsinki;Mid;291
20260501;465940;IT0003497168;TLIT.MI;TELECOM ITALIA;IT;EUR;Borsa Italiana;Mid;292
20260501;GB9044;GB0003718474;GAW.L;GAMES WORKSHOP;GB;GBP;London SE;Mid;293
20260501;512907;DE0005785802;FMEG.DE;FRESENIUS MEDICAL CARE;DE;EUR;XETRA;Mid;294
20260501;441920;NL0000008977;HEIO.AS;HEINEKEN HLDG;NL;EUR;Euronext Amsterdam;Mid;295
20260501;EG063;DE000A1DAHH0;BNRGn.DE;BRENNTAG;DE;EUR;XETRA;Mid;296
20260501;478396;SE0000163594;SECUb.ST;SECURITAS B;SE;SEK;NASDAQ Stockholm;Mid;297
20260501;417986;ES0116870314;NTGY.MC;Naturgy Energy Group;ES;EUR;BME Exchange;Mid;298
20260501;485283;NO0003053605;STB.OL;STOREBRAND;NO;NOK;Oslo Bors;Mid;299
20260501;476706;SE0000108227;SKFb.ST;SKF B;SE;SEK;NASDAQ Stockholm;Mid;300
20260501;882217;GB0007669376;SJP.L;ST.JAMES'S PLACE CAPITAL;GB;GBP;London SE;Mid;301
20260501;B09M9F;BE0003822393;ELI.BR;ELIA GROUP;BE;EUR;Euronext Brussels;Mid;302
20260501;425304;DK0010244425;MAERSKb.CO;A.P.MOLLER-MAERSK B;DK;DKK;NASDAQ Copenhagen;Mid;303
20260501;490238;SE0000114837;TRELb.ST;TRELLEBORG B;SE;SEK;NASDAQ Stockholm;Mid;304
20260501;440822;SE0000106270;HMb.ST;HENNES & MAURITZ B;SE;SEK;NASDAQ Stockholm;Mid;305
20260501;525824;LU0075646355;SUBC.OL;SUBSEA7;NO;NOK;Oslo Bors;Mid;306
20260501;FR103A;FR0014000MR3;EUFI.PA;EUROFINS SCIENTIFIC;FR;EUR;Euronext Paris;Mid;307
20260501;422060;DE0005439004;CONG.DE;CONTINENTAL;DE;EUR;XETRA;Mid;308
20260501;EB183;GB00B2QPKJ12;FRES.L;FRESNILLO;GB;GBP;London SE;Mid;309
20260501;GB10C4;GB00BNR5MZ78;MRON.L;MELROSE INDUSTRIES;GB;GBP;London SE;Mid;310
20260501;464246;DK0010287663;NKT.CO;NKT;DK;DKK;NASDAQ Copenhagen;Mid;311
20260501;76764;GB00B019KW72;SBRY.L;SAINSBURY (J);GB;GBP;London SE;Mid;312
20260501;DE2081;DE000TLX1005;TLXGn.DE;TALANX;DE;EUR;XETRA;Mid;313
20260501;712797;PLLPP0000011;LPPP.WA;LPP;PL;PLN;Warsaw SE;Mid;314
20260501;FR39AS;FR0012333284;ABVX.PA;ABIVAX;FR;EUR;Euronext Paris;Mid;315
20260501;IT607O;IT0005211237;IG.MI;ITALGAS;IT;EUR;Borsa Italiana;Mid;316
20260501;DE80DC;DE000KBX1006;KBX.DE;KNORR BREMSE;DE;EUR;XETRA;Mid;317
20260501;77940;GB0002405495;SDR.L;SCHRODERS;GB;GBP;London SE;Mid;318
20260501;96970;GB0009697037;BAB.L;BABCOCK INTERNATIONAL;GB;GBP;London SE;Mid;319
20260501;B0LL2W;DK0060636678;TRYG.CO;TRYG;DK;DKK;NASDAQ Copenhagen;Mid;320
20260501;408930;DE0005200000;BEIG.DE;BEIERSDORF;DE;EUR;XETRA;Mid;321
20260501;570151;FI0009007884;ELISA.HE;ELISA CORPORATION;FI;EUR;NASDAQ Helsinki;Mid;322
20260501;445573;NL0012059018;EXOR.AS;EXOR NV;NL;EUR;Euronext Amsterdam;Mid;323
20260501;45644;GB00BYT1DJ19;ICGIN.L;ICG;GB;GBP;London SE;Mid;324
20260501;471279;FR0000131906;RENA.PA;RENAULT;FR;EUR;Euronext Paris;Mid;325
20260501;83470;GB00BWFGQN14;SPX.L;SPIRAX;GB;GBP;London SE;Mid;326
20260501;715363;PLBZ00000044;EBP.WA;ERSTE BANK POLSKA;PL;PLN;Warsaw SE;Mid;327
20260501;5610;GB0006731235;ABF.L;ASSOCIATED BRITISH FOODS;GB;GBP;London SE;Mid;328
20260501;NL508L;NL0015002MS2;MICCT.AS;THE MAGNUM ICE CREAM COMPANY;NL;EUR;Euronext Amsterdam;Mid;329
20260501;423932;ES0125220311;ANA.MC;ACCIONA S.A.;ES;EUR;BME Exchange;Mid;330
20260501;B06CF7;DE000A0D6554;NDXG.DE;NORDEX;DE;EUR;XETRA;Small;331
20260501;B0R7JF;FR0010259150;IPN.PA;IPSEN;FR;EUR;Euronext Paris;Mid;332
20260501;476876;IT0005495657;SPMI.MI;SAIPEM;IT;EUR;Borsa Italiana;Small;333
20260501;755087;BE0003764785;ACKB.BR;ACKERMANS & VAN HAAREN;BE;EUR;Euronext Brussels;Mid;334
20260501;672716;ES0173093024;REDE.MC;Redeia Corporacion;ES;EUR;BME Exchange;Mid;335
20260501;573282;NL0012169213;QIA.DE;QIAGEN;DE;EUR;XETRA;Mid;336
20260501;BE107X;BE0003851681;AOO.BR;AEDIFICA;BE;EUR;Euronext Brussels;Small;337
20260501;SE40AK;SE0015949201;LIFCOb.ST;LIFCO B;SE;SEK;NASDAQ Stockholm;Mid;338
20260501;EF024;FR0010533075;GETP.PA;Getlink;FR;EUR;Euronext Paris;Mid;339
20260501;GB30B5;BMG4593F1389;HSX.L;HISCOX;GB;GBP;London SE;Mid;340
20260501;B0704T;AT0000606306;RBIV.VI;RAIFFEISEN BANK INTERNATIONAL;AT;EUR;Wiener Boerse AG;Small;341
20260501;713083;FR0000044448;NEXS.PA;NEXANS;FR;EUR;Euronext Paris;Small;342
20260501;IT358R;IT0005541336;LTMC.MI;LOTTOMATICA GROUP;IT;EUR;Borsa Italiana;Mid;343
20260501;547497;FR0010220475;ALSO.PA;ALSTOM;FR;EUR;Euronext Paris;Mid;344
20260501;866457;FI0009005870;KCRA.HE;KONECRANES;FI;EUR;NASDAQ Helsinki;Mid;345
20260501;439155;BE0003797140;GBLB.BR;GRP BRUXELLES LAMBERT;BE;EUR;Euronext Brussels;Mid;346
20260501;PL00OY;LU2237380790;ALEP.WA;ALLEGRO.EU;PL;PLN;Warsaw SE;Mid;347
20260501;B06QFB;GB00B06QFB75;IGG.L;IG GRP HLDG;GB;GBP;London SE;Small;348
20260501;507267;FI0009005961;STERV.HE;STORA ENSO R;FI;EUR;NASDAQ Helsinki;Mid;349
20260501;449000;FI0009000202;KESKOB.HE;KESKO;FI;EUR;NASDAQ Helsinki;Mid;350
20260501;476240;CH0012255151;UHR.S;SWATCH BEARER;CH;CHF;Six Swiss Exchange;Mid;351
20260501;447723;PTJMT0AE0001;JMT.LS;JERONIMO MARTINS;PT;EUR;Euronext Lisbon;Mid;352
20260501;ES403D;ES0105025003;MRL.MC;MERLIN PROPERTIES SOCIMI;ES;EUR;BME Exchange;Mid;353
20260501;24249;IE0002424939;DCC.L;DCC;GB;GBP;London SE;Mid;354
20260501;98111;GB0033195214;KGF.L;KINGFISHER;GB;GBP;London SE;Mid;355
20260501;NL402E;NL0010801007;IMCD.AS;IMCD;NL;EUR;Euronext Amsterdam;Mid;356
20260501;705339;IT0003828271;RECI.MI;RECORDATI;IT;EUR;Borsa Italiana;Mid;357
20260501;SE103A;SE0015988019;NIBEb.ST;NIBE INDUSTRIER B;SE;SEK;NASDAQ Stockholm;Mid;358
20260501;DE5084;DE0007165631;SATG_p.DE;SARTORIUS PREF.;DE;EUR;XETRA;Mid;359
20260501;DK101Z;DK0060854669;RILBA.CO;RINGKJOBING LANDBOBANK;DK;DKK;NASDAQ Copenhagen;Mid;360
20260501;FR509K;FR0004125920;AMUN.PA;AMUNDI;FR;EUR;Euronext Paris;Small;361
20260501;546834;DE000A0WMPJ6;AIXGn.DE;AIXTRON;DE;EUR;XETRA;Small;362
20260501;FR506H;FR0014004L86;AM.PA;DASSAULT AVIATION;FR;EUR;Euronext Paris;Mid;363
20260501;486537;SE0000112724;SCAb.ST;SVENSKA CELLULOSA AKTIE. SCA B;SE;SEK;NASDAQ Stockholm;Mid;364
20260501;DE50B7;DE000A12DM80;G24n.DE;SCOUT24;DE;EUR;XETRA;Mid;365
20260501;FR106D;NL0014559478;TE.PA;Technip Energies;FR;EUR;Euronext Paris;Mid;366
20260501;CH103X;CH0010675863;SQN.S;SWISSQUOTE 'R';CH;CHF;Six Swiss Exchange;Mid;367
20260501;50450;GB00BYW0PQ60;LAND.L;LAND SECURITIES;GB;GBP;London SE;Mid;368
20260501;479736;FR0010411983;SCOR.PA;SCOR;FR;EUR;Euronext Paris;Small;369
20260501;GB60RO;GB00BD3VFW73;CTEC.L;CONVATEC PLC;GB;GBP;London SE;Mid;370
20260501;DE4061;DE000ZAL1111;ZALG.DE;ZALANDO;DE;EUR;XETRA;Mid;371
20260501;489108;DE0007500001;TKAG.DE;THYSSENKRUPP;DE;EUR;XETRA;Small;372
20260501;429552;CH0016440353;EMSN.S;EMS-CHEMIE HLDG;CH;CHF;Six Swiss Exchange;Mid;373
20260501;486809;DK0010311471;ALSYDB.CO;AL SYDBANK;DK;DKK;NASDAQ Copenhagen;Small;374
20260501;317430;GB0031743007;BRBY.L;BURBERRY;GB;GBP;London SE;Mid;375
20260501;494340;AT0000937503;VOES.VI;VOESTALPINE;AT;EUR;Wiener Boerse AG;Small;376
20260501;55768;GB0005576813;HWDN.L;HOWDEN JOINERY GRP;GB;GBP;London SE;Mid;377
20260501;B0LDBX;SE0001515552;INDT.ST;INDUTRADE;SE;SEK;NASDAQ Stockholm;Mid;378
20260501;DK001Y;DK0060252690;PNDORA.CO;PANDORA;DK;DKK;NASDAQ Copenhagen;Mid;379
20260501;GB50A6;GB00BVYVFW23;AUTOA.L;AUTOTRADER GROUP;GB;GBP;London SE;Mid;380
20260501;447996;DK0010307958;JYSK.CO;JYSKE BANK;DK;DKK;NASDAQ Copenhagen;Small;381
20260501;SE802G;SE0015949748;BEIJb.ST;BEIJER REF AB;SE;SEK;NASDAQ Stockholm;Mid;382
20260501;EF031;FR0010908533;EDEN.PA;EDENRED;FR;EUR;Euronext Paris;Mid;383
20260501;GB2092;GB00B4WFW713;LMPL.L;LONDONMETRIC PROPERTY PLC;GB;GBP;London SE;Mid;384
20260501;B0R80X;CH0023405456;AVOL.S;AVOLTA;CH;CHF;Six Swiss Exchange;Mid;385
20260501;469678;DE000PAH0038;PSHG_p.DE;PORSCHE AUTOMOBIL HLDG PREF;DE;EUR;XETRA;Mid;386
20260501;916775;NL0000360618;SBMO.AS;SBM OFFSHORE;NL;EUR;Euronext Amsterdam;Small;387
20260501;SE00GM;SE0015192067;SAVE.ST;NORDNET;SE;SEK;NASDAQ Stockholm;Small;388
20260501;714131;AT0000730007;ANDR.VI;ANDRITZ;AT;EUR;Wiener Boerse AG;Small;389
20260501;B17H3F;SE0000120669;SSABb.ST;SSAB B;SE;SEK;NASDAQ Stockholm;Small;390
20260501;9616;GB0000961622;BALF.L;BALFOUR BEATTY;GB;GBP;London SE;Small;391
20260501;DE006X;DE000HAG0005;HAGG.DE;HENSOLDT;DE;EUR;XETRA;Mid;392
20260501;FR502D;FR0012435121;ELIS.PA;ELIS;FR;EUR;Euronext Paris;Small;393
20260501;GB40XS;GB00BF4HYT85;BGEO.L;LION FINANCE GROUP;GB;GBP;London SE;Small;394
20260501;595140;CH0319416936;FHZN.S;FLUGHAFEN ZURICH;CH;CHF;Six Swiss Exchange;Mid;395
20260501;548552;DE0006766504;NAFG.DE;AURUBIS;DE;EUR;XETRA;Small;396
20260501;PL106H;PLOPTTC00011;CDR.WA;CD PROJECT SA;PL;PLN;Warsaw SE;Small;397
20260501;DE20C5;DE000PAG9113;P911_p.DE;DR ING HC F PORSCHE PREF.;DE;EUR;XETRA;Mid;398
20260501;DE40B6;DE000RENK730;R3NK.DE;RENK;DE;EUR;XETRA;Mid;399
20260501;CH7011;CH0360674466;GALE.S;GALENICA SANTE AG;CH;CHF;Six Swiss Exchange;Small;400
20260501;13670;GB0001367019;BLND.L;BRITISH LAND COMPANY;GB;GBP;London SE;Small;401
20260501;DE7042;DE000A2E4K43;DHER.DE;DELIVERY HERO;DE;EUR;XETRA;Mid;402
20260501;547692;CH0009002962;BARN.S;BARRY CALLEBAUT;CH;CHF;Six Swiss Exchange;Mid;403
20260501;DK4012;DK0060542181;ISS.CO;ISS AS;DK;DKK;NASDAQ Copenhagen;Small;404
20260501;DE301V;DE000LEG1110;LEGn.DE;LEG IMMOBILIEN;DE;EUR;XETRA;Mid;405
20260501;NO002D;NO0010582521;GJFG.OL;GJENSIDIGE FORSIKRING;NO;NOK;Oslo Bors;Small;406
20260501;B16KPT;GB00BF8Q6K64;ABDN.L;ABERDEEN GROUP;GB;GBP;London SE;Small;407
20260501;SE607J;SE0014990966;LAGRb.ST;LAGERCRANTZ GROUP 'B';SE;SEK;NASDAQ Stockholm;Small;408
20260501;NO602J;BMG3682E1921;FRO.OL;FRONTLINE;NO;NOK;Oslo Bors;Small;409
20260501;DE305Z;DE000EVNK013;EVKn.DE;EVONIK INDUSTRIES;DE;EUR;XETRA;Small;410
20260501;453770;DE0008232125;LHAG.DE;LUFTHANSA;DE;EUR;XETRA;Mid;411
20260501;SE10BI;SE0011337708;AAK.ST;AAK;SE;SEK;NASDAQ Stockholm;Mid;412
20260501;B06T8C;NO0010631567;SB1NO.OL;SPAREBANK 1 SOR-NORGE ASA;NO;NOK;Oslo Bors;Small;413
20260501;FR705I;FR0013154002;STDM.PA;SARTORIUS STEDIM BIOTECH;FR;EUR;Euronext Paris;Mid;414
20260501;96050;GB00B1KJJ408;WTB.L;WHITBREAD;GB;GBP;London SE;Mid;415
20260501;492644;FR0013506730;VLLP.PA;VALLOUREC;FR;EUR;Euronext Paris;Small;416
20260501;418560;ES0118594417;IDR.MC;INDRA SISTEMAS;ES;EUR;BME Exchange;Small;417
20260501;900476;GB00BJFFLV09;CRDA.L;CRODA INTERNATIONAL;GB;GBP;London SE;Mid;418
20260501;EL004;ES0127797019;EDPR.LS;EDP RENOVAVEIS;PT;EUR;Euronext Lisbon;Small;419
20260501;BE105V;BE0974349814;WDPP.BR;WDP;BE;EUR;Euronext Brussels;Mid;420
20260501;DK1053;DK0061802139;ALKb.CO;ALK-ABELLO B;DK;DKK;NASDAQ Copenhagen;Small;421
20260501;466160;AT0000746409;VERB.VI;VERBUND;AT;EUR;Wiener Boerse AG;Mid;422
20260501;BE601W;BE0003604155;LOTB.BR;LOTUS BAKERIES;BE;EUR;Euronext Brussels;Small;423
20260501;714789;CH0012453913;TEMN.S;TEMENOS;CH;CHF;Six Swiss Exchange;Small;424
20260501;B0BN7W;BE0003823409;TUB.BR;FINANCIERE DE TUBIZE;BE;EUR;Euronext Brussels;Small;425
20260501;506088;IT0004776628;BMED.MI;BANCA MEDIOLANUM;IT;EUR;Borsa Italiana;Small;426
20260501;CH809A;CH0435377954;SIGNC.S;SIG GROUP AG;CH;CHF;Six Swiss Exchange;Small;427
20260501;8118;GB0000811801;BTRW.L;BARRATT REDROW;GB;GBP;London SE;Mid;428
20260501;B019M6;IT0003261697;AZMT.MI;AZIMUT HLDG;IT;EUR;Borsa Italiana;Small;429
20260501;NO503J;NO0010736879;VEND.OL;VEND MARKETPLACES;NO;NOK;Oslo Bors;Small;430
20260501;FR703G;FR0013258662;AYV.PA;Ayvens;FR;EUR;Euronext Paris;Small;431
20260501;47640;GB00BZ4BQC70;JMAT.L;JOHNSON MATTHEY;GB;GBP;London SE;Small;432
20260501;SE601D;SE0000375115;MYCR.ST;MYCRONIC;SE;SEK;NASDAQ Stockholm;Small;433
20260501;317731;GB00B17BBQ50;INVP.L;INVESTEC;GB;GBP;London SE;Small;434
20260501;738307;ES0130960018;ENAG.MC;ENAGAS;ES;EUR;BME Exchange;Small;435
20260501;BE30G8;BE0974464977;SYENS.BR;SYENSQO;BE;EUR;Euronext Brussels;Small;436
20260501;B0Z5YZ;FR0010313833;AKE.PA;ARKEMA;FR;EUR;Euronext Paris;Small;437
20260501;523280;SE0000379190;CAST.ST;CASTELLUM;SE;SEK;NASDAQ Stockholm;Small;438
20260501;NL103C;LU2290522684;INPST.AS;INPOST;NL;EUR;Euronext Amsterdam;Small;439
20260501;NO20FS;NO0011202772;VAR.OL;VAR ENERGI;NO;NOK;Oslo Bors;Small;440
20260501;547643;CH0030380734;HUBN.S;HUBER+SUHNER 'R';CH;CHF;Six Swiss Exchange;Small;441
20260501;IE102Z;IE0000669501;GL9.I;GLANBIA;IE;EUR;Euronext Dublin;Small;442
20260501;68253;GB0006825383;PSN.L;PERSIMMON;GB;GBP;London SE;Mid;443
20260501;DE8054;DE0006452907;NEKG.DE;NEMETSCHEK;DE;EUR;XETRA;Mid;444
20260501;GB70MK;GB00BG49KP99;BBOXT.L;TRITAX BIG BOX REIT;GB;GBP;London SE;Small;445
20260501;424749;BE0974259880;IETB.BR;D'IETEREN GROUP;BE;EUR;Euronext Brussels;Small;446
20260501;B0MFTM;GB00BGDT3G23;RMV.L;RIGHTMOVE GRP;GB;GBP;London SE;Small;447
20260501;NO10CO;NO0010310956;SALM.OL;SALMAR;NO;NOK;Oslo Bors;Small;448
20260501;538755;ES0124244E34;MAP.MC;MAPFRE;ES;EUR;BME Exchange;Small;449
20260501;440875;SE0012454072;AVANZ.ST;AVANZA BANK HLDG;SE;SEK;NASDAQ Stockholm;Small;450
20260501;432684;CH0531751755;BCVN.S;BANQUE CANTONALE VAUDOISE;CH;CHF;Six Swiss Exchange;Small;451
20260501;715672;NL0015435975;CPRI.MI;DAVIDE CAMPARI;IT;EUR;Borsa Italiana;Small;452
20260501;549913;IT0001233417;A2.MI;A2A;IT;EUR;Borsa Italiana;Small;453
20260501;SE50KV;SE0005127818;SAGAb.ST;SAGAX 'B';SE;SEK;NASDAQ Stockholm;Mid;454
20260501;GB60DA;IM00B5VQMV65;ENT.L;ENTAIN;GB;GBP;London SE;Small;455
20260501;GB4195;GB00BVGBY890;ZEG.L;ZEGONA COMMUNICATIONS;GB;GBP;London SE;Small;456
20260501;491039;IT0001347308;BZU.MI;BUZZI;IT;EUR;Borsa Italiana;Small;457
20260501;438520;SE0000202624;GETIb.ST;GETINGE B;SE;SEK;NASDAQ Stockholm;Small;458
20260501;GB21IC;IL0011284465;PLUSP.L;PLUS500;GB;GBP;London SE;Small;459
20260501;482030;BE0003717312;SOF.BR;SOFINA;BE;EUR;Euronext Brussels;Small;460
20260501;929718;CH1169151003;GF.S;GEORG FISCHER;CH;CHF;Six Swiss Exchange;Mid;461
20260501;PL704L;PLDINPL00011;DNP.WA;DINO POLSKA SA;PL;PLN;Warsaw SE;Mid;462
20260501;591427;CH0008837566;ALLN.S;ALLREAL HLDG;CH;CHF;Six Swiss Exchange;Small;463
20260501;481830;FR0000121220;EXHO.PA;SODEXO;FR;EUR;Euronext Paris;Small;464
20260501;453800;SE0000108847;LUNDb.ST;LUNDBERGFORETAGEN B;SE;SEK;NASDAQ Stockholm;Small;465
20260501;38112;GB0033986497;ITV.L;ITV;GB;GBP;London SE;Small;466
20260501;SE10RY;SE0017832488;BALDb.ST;FASTIGHETS BALDER B;SE;SEK;NASDAQ Stockholm;Mid;467
20260501;457270;FR0000039299;BOLL.PA;BOLLORE;FR;EUR;Euronext Paris;Small;468
20260501;414305;PLBRE0000012;MBK.WA;MBANK;PL;PLN;Warsaw SE;Small;469
20260501;9417;GB00BLJNXL82;BKGH.L;BERKELEY GRP HLDG;GB;GBP;London SE;Mid;470
20260501;B1CRLC;GB00B1CRLC47;MNDI.L;MONDI;GB;GBP;London SE;Mid;471
20260501;B01MJR;FR0013280286;BIOX.PA;BIOMERIEUX;FR;EUR;Euronext Paris;Mid;472
20260501;B0MBCM;GB00B1VNSX38;DRX.L;DRAX GRP;GB;GBP;London SE;Small;473
20260501;599933;FR0000051807;TEPRF.PA;TELEPERFORMANCE;FR;EUR;Euronext Paris;Small;474
20260501;SE80CQ;SE0016278196;SECTb.ST;SECTRA 'B';SE;SEK;NASDAQ Stockholm;Small;475
20260501;FR90ET;FR0013227113;SOIT.PA;SOITEC;FR;EUR;Euronext Paris;;476
20260501;46025;GB00B61TVQ02;INCH.L;INCHCAPE;GB;GBP;London SE;Small;477
20260501;439180;FR0010040865;GFCP.PA;GECINA;FR;EUR;Euronext Paris;Small;478
20260501;CH5064;CH1386220409;SUNN.S;SUNRISE N A;CH;CHF;Six Swiss Exchange;Small;479
20260501;CH8078;CH0014284498;SFZN.S;SIEGFRIED 'R';CH;CHF;Six Swiss Exchange;Small;480
20260501;29440;JE00BJ1DLW90;EMG.L;MAN GRP;GB;GBP;London SE;Small;481
20260501;GB60B8;GB0002318888;CWK.L;CRANSWICK;GB;GBP;London SE;Small;482
20260501;97404;JE00B8KF9B49;WPP.L;WPP;GB;GBP;London SE;Small;483
20260501;739160;CH0130293662;BKWB.S;BKW;CH;CHF;Six Swiss Exchange;Small;484
20260501;400500;BE0974320526;UMI.BR;UMICORE;BE;EUR;Euronext Brussels;Small;485
20260501;IT304I;IT0005482333;TPRO.MI;TECHNOPROBE SPA;IT;EUR;Borsa Italiana;Small;486
20260501;30964;GB0003096442;RS1R.L;RS Group;GB;GBP;London SE;Small;487
20260501;DE104W;DE0005470306;EVDG.DE;CTS EVENTIM;DE;EUR;XETRA;Small;488
20260501;400702;CH0012138605;ADEN.S;ADECCO;CH;CHF;Six Swiss Exchange;Mid;489
20260501;NL404G;JE00BRX98089;CVC.AS;CVC CAPITAL PARTNERS;NL;EUR;Euronext Amsterdam;Small;490
20260501;7937;GB0007973794;SRP.L;SERCO GRP;GB;GBP;London SE;Small;491
20260501;FI3022;FI4000074984;VALMT.HE;Valmet;FI;EUR;NASDAQ Helsinki;Small;492
20260501;409830;DE0005909006;GBFG.DE;BILFINGER;DE;EUR;XETRA;Small;493
20260501;B1GGWB;IT0001031084;BGN.MI;BCA GENERALI;IT;EUR;Borsa Italiana;Small;494
20260501;759800;IT0001250932;HRA.MI;HERA;IT;EUR;Borsa Italiana;Small;495
20260501;582300;DE000A0Z2ZZ5;FNTGn.DE;FREENET;DE;EUR;XETRA;Small;496
20260501;87823;GB0008782301;TW.L;TAYLOR WIMPEY;GB;GBP;London SE;Mid;497
20260501;DE1080;DE0007010803;RAAG.DE;RATIONAL;DE;EUR;XETRA;Small;498
20260501;GB90KK;GB00BKDRYJ47;AAF.L;AIRTEL AFRICA PLC;GB;GBP;London SE;Small;499
20260501;NO108K;NO0003055501;NOD.OL;NORDIC SEMICONDUCTOR;NO;NOK;Oslo Bors;Small;500
20260501;SE51O0;GB00BVMN1558;VSURE.ST;VERISURE;SE;EUR;NASDAQ Stockholm;Small;501
20260501;528648;CH0014786500;VATN.S;VALIANT;CH;CHF;Six Swiss Exchange;Small;502
20260501;CH301X;CH0225173167;CMBN.S;CEMBRA MONEY BANK;CH;CHF;Six Swiss Exchange;Small;503
20260501;DE3060;DE000KGX8881;KGX.DE;KION GROUP;DE;EUR;XETRA;Small;504
20260501;ES705I;ES0180907000;UNI.MC;UNICAJA BANCO S.A.;ES;EUR;BME Exchange;Small;505
20260501;774563;FR0000064578;CVO.PA;COVIVIO;FR;EUR;Euronext Paris;Small;506
20260501;FI31QR;FI4000552526;MANTA.HE;Mandatum;FI;EUR;NASDAQ Helsinki;Small;507
20260501;B0BV89;CH0011108872;MOBN.S;MOBIMO HLDG;CH;CHF;Six Swiss Exchange;Small;508
20260501;96359;GB0031215220;CCL.L;CARNIVAL;GB;GBP;London SE;Small;509
20260501;82699;GB00BNNTLN49;PNN.L;PENNON GRP;GB;GBP;London SE;Small;510
20260501;413234;PLBSK0000017;INGP.WA;ING BANK SLASKI BSK;PL;PLN;Warsaw SE;Small;511
20260501;IT102E;IT0001078911;ITPG.MI;INTERPUMP GRP;IT;EUR;Borsa Italiana;Small;512
20260501;75069;GB00BVFNZH21;ROR.L;ROTORK;GB;GBP;London SE;Small;513
20260501;B1YWXY;BE0003867844;KBCA.BR;KBC ANCORA;BE;EUR;Euronext Brussels;Small;514
20260501;B164FY;FR0010340141;ADP.PA;ADP;FR;EUR;Euronext Paris;Small;515
20260501;PL701I;PLBNFTS00018;BFT.WA;BENEFIT SYSTEMS;PL;PLN;Warsaw SE;Small;516
20260501;513962;NL0000852564;AALB.AS;AALBERTS;NL;EUR;Euronext Amsterdam;Small;517
20260501;DE40C7;DE000TUAG000;TUI1n.DE;TUI;DE;EUR;XETRA;Small;518
20260501;PL409N;DE000TUAG505;ZAB.WA;ZABKA GROUP;PL;PLN;Warsaw SE;Small;519
20260501;485471;CH0038388911;SUN.S;SULZER;CH;CHF;Six Swiss Exchange;Small;520
20260501;591591;SE0006993770;AXFO.ST;AXFOOD;SE;SEK;NASDAQ Stockholm;Small;521
20260501;SE10IP;SE0010100958;LATOb.ST;LATOUR INVESTMENT B;SE;SEK;NASDAQ Stockholm;Small;522
20260501;IT201E;IT0004764699;BCU.MI;BRUNELLO CUCINELLI;IT;EUR;Borsa Italiana;Small;523
20260501;GB90BB;GB00BYRJ5J14;PHP.L;PRIMARY HEALTH PROPS.;GB;GBP;London SE;Small;524
20260501;GB90AA;GB00BV9FP302;CCC.L;COMPUTACENTER;GB;GBP;London SE;;525
20260501;DE2070;DE0008303504;TEGG.DE;TAG IMMOBILIEN AG;DE;EUR;XETRA;Small;526
20260501;NL608M;NL0015073TS8;CSG.AS;CSG A;NL;EUR;Euronext Amsterdam;Small;527
20260501;IT90BV;IT0005366767;NEXII.MI;NEXI SPA;IT;EUR;Borsa Italiana;Small;528
20260501;GB32XT;GB0004300496;PAFR.L;PAN AFRICAN RESOURCES;GB;GBP;London SE;Small;529
20260501;IT14M2;NL0015000LU4;IVG.MI;IVECO GROUP;IT;EUR;Borsa Italiana;Small;530
20260501;492670;ES0182870214;SCYR.MC;SACYR;ES;EUR;BME Exchange;Small;531
20260501;472370;NL0000379121;RAND.AS;RANDSTAD;NL;EUR;Euronext Amsterdam;Small;532
20260501;506472;DE0006969603;PUMG.DE;PUMA;DE;EUR;XETRA;Small;533
20260501;7100;JE00BMDZN391;TCAPI.L;TP ICAP;GB;GBP;London SE;Small;534
20260501;DE10D5;DE000FTG1111;FTKn.DE;FLATEXDEGIRO N;DE;EUR;XETRA;Small;535
20260501;532167;NO0003078800;TGS.OL;TGS ASA;NO;NOK;Oslo Bors;;536
20260501;CH9068;CH0011029946;IFCN.S;INFICON;CH;CHF;Six Swiss Exchange;;537
20260501;FR90GV;FR0013451333;FDJU.PA;FDJ UNITED;FR;EUR;Euronext Paris;Small;538
20260501;ES032;SE0014504817;LOOMIS.ST;LOOMIS;SE;SEK;NASDAQ Stockholm;Small;539
20260501;496960;AT0000831706;WBSV.VI;WIENERBERGER;AT;EUR;Wiener Boerse AG;Small;540
20260501;GB80DC;GB00BNHSJN34;QLT.L;QUILTER;GB;GBP;London SE;Small;541
20260501;526357;DK0010234467;FLS.CO;FLSMIDTH & COMPANY;DK;DKK;NASDAQ Copenhagen;Small;542
20260501;42364;GB0004657408;MTO.L;MITIE GROUP;GB;GBP;London SE;Small;543
20260501;471310;FR0013269123;RUBF.PA;RUBIS;FR;EUR;Euronext Paris;Small;544
20260501;NO804N;NO0006000900;SBNOR.OL;SPAREBANKEN NORGE;NO;NOK;Oslo Bors;;545
20260501;GB90GG;GB00BYT18307;TBCG.L;TBC BANK GROUP;GB;GBP;London SE;Small;546
20260501;435435;DE000A3E5D64;FPE3_p.DE;FUCHS PREF;DE;EUR;XETRA;Small;547
20260501;444747;FI0009000459;HUH1V.HE;HUHTAMAKI;FI;EUR;NASDAQ Helsinki;Small;548
20260501;576162;DE000KSAG888;SDFGn.DE;K + S;DE;EUR;XETRA;Small;549
20260501;400523;ES0132105018;ACX.MC;ACERINOX;ES;EUR;BME Exchange;;550
20260501;904076;GB0000904986;BWY.L;BELLWAY;GB;GBP;London SE;Small;551
20260501;PL303G;PLALIOR00045;ALRR.WA;ALIOR BANK;PL;PLN;Warsaw SE;;552
20260501;CH909B;CH0528751586;VZN.S;VZ HOLDING 'N';CH;CHF;Six Swiss Exchange;Small;553
20260501;DK904A;DK0060257814;ZELA.CO;ZEALAND PHARMA;DK;DKK;NASDAQ Copenhagen;Small;554
20260501;IT708Q;IT0005278236;PIRC.MI;PIRELLI & C. S.P.A.;IT;EUR;Borsa Italiana;Small;555
20260501;B0LCW0;GB00B0LCW083;HIK.L;HIKMA PHARMACEUTICALS;GB;GBP;London SE;Small;556
20260501;521638;PLKETY000011;KTY.WA;KETY;PL;PLN;Warsaw SE;;557
20260501;670375;NL0000302636;VLAN.AS;VAN LANSCHOT KEMPEN;NL;EUR;Euronext Amsterdam;;558
20260501;DE10IA;DE000A2LQ884;AG1G.DE;AUTO1 GROUP;DE;EUR;XETRA;Small;559
20260501;407732;PLBIG0000016;MILP.WA;BANK MILLENNIUM;PL;PLN;Warsaw SE;;560
20260501;710755;DE0005773303;FRAG.DE;FRAPORT;DE;EUR;XETRA;Small;561
20260501;IT803M;IT0004931058;MTCM.MI;MAIRE;IT;EUR;Borsa Italiana;;562
20260501;576920;NL0006237562;ARDS.AS;ARCADIS;NL;EUR;Euronext Amsterdam;Small;563
20260501;CH105Z;CH0360826991;COTNE.S;COMET HOLDINGS 'R';CH;CHF;Six Swiss Exchange;;564
20260501;NO60IZ;NO0013697029;KMAR.OL;KONGSBERG MARITIME;NO;NOK;Oslo Bors;Mid;565
20260501;SE704H;SE0009806607;MTRS.ST;MUNTERS GROUP AB;SE;SEK;NASDAQ Stockholm;;566
20260501;DK1020;DK0060634707;RBREW.CO;ROYAL UNIBREW;DK;DKK;NASDAQ Copenhagen;Small;567
20260501;NL106F;GB00BNTJ3546;ALLFG.AS;ALLFUNDS GROUP;NL;EUR;Euronext Amsterdam;Small;568
20260501;GB007Y;GB0008085614;MGNS.L;MORGAN SINDALL GROUP;GB;GBP;London SE;;569
20260501;B00ZQQ;LU0088087324;SESFd.PA;SES;LU;EUR;Euronext Paris;;570
20260501;521711;DK0060738599;DEMANT.CO;DEMANT;DK;DKK;NASDAQ Copenhagen;Small;571
20260501;CH002V;CH1176493729;BANB.S;BACHEM HOLDING;CH;CHF;Six Swiss Exchange;;572
20260501;471349;DK0010219153;ROCKb.CO;ROCKWOOL B;DK;DKK;NASDAQ Copenhagen;Small;573
20260501;GB90NN;GB00BJVQC708;HTWS.L;HELIOS TOWERS PLC;GB;GBP;London SE;;574
20260501;B01SPF;ES0171996087;GRLS.MC;GRIFOLS;ES;EUR;BME Exchange;Small;575
20260501;SE401B;SE0014960373;SWECb.ST;SWECO 'B';SE;SEK;NASDAQ Stockholm;Small;576
20260501;486097;NL0000337319;BAMN.AS;BAM GROEP KON.;NL;EUR;Euronext Amsterdam;;577
20260501;NO101D;NO0006390301;MING.OL;SPAREBANK 1 SMN;NO;NOK;Oslo Bors;;578
20260501;DE7086;DE0005158703;BC8G.DE;BECHTLE;DE;EUR;XETRA;Small;579
20260501;NL603H;NL0011821392;LIGHT.AS;SIGNIFY;NL;EUR;Euronext Amsterdam;Small;580
20260501;CH4030;CH0239229302;SFSN.S;SFS GROUP;CH;CHF;Six Swiss Exchange;Small;581
20260501;GB701Z;GB0004270301;HILS.L;HILL & SMITH;GB;GBP;London SE;;582
20260501;ES408I;ES0105777017;PUIGb.MC;PUIG BRANDS B;ES;EUR;BME Exchange;Small;583
20260501;AT502A;AT0000969985;ATSV.VI;AT&S AUSTRIA TECH.&SYSTEMTECH;AT;EUR;Wiener Boerse AG;;584
20260501;597895;PLSOFTB00016;ACPP.WA;ASSECO POLAND;PL;PLN;Warsaw SE;Small;585
20260501;492624;FR0013176526;VLOF.PA;VALEO;FR;EUR;Euronext Paris;Small;586
20260501;465975;NL0009432491;VOPA.AS;VOPAK;NL;EUR;Euronext Amsterdam;Small;587
20260501;B0WMWD;GB00B0WMWD03;QQ.L;QINETIQ GRP;GB;GBP;London SE;Small;588
20260501;B02R4D;NO0010234552;AKER.OL;AKER A;NO;NOK;Oslo Bors;;589
20260501;CH201W;CH0126673539;DKSH.S;DKSH HOLDING;CH;CHF;Six Swiss Exchange;Small;590
20260501;IT10AM;IT0003115950;DLG.MI;DE LONGHI;IT;EUR;Borsa Italiana;Small;591
20260501;PL004E;PLTAURN00011;TPE.WA;TAURON;PL;PLN;Warsaw SE;Small;592
20260501;EB382;GB00B62G9D36;SHCS.L;SHAFTESBURY CAPITAL;GB;GBP;London SE;Small;593
20260501;NO405K;NO0010209331;PROT.OL;PROTECTOR FORSIKRING;NO;NOK;Oslo Bors;;594
20260501;B0LF18;CH0022268228;EFGN.S;EFG INTERNATIONAL N;CH;CHF;Six Swiss Exchange;;595
20260501;466514;FI0009002422;OUT1V.HE;OUTOKUMPU;FI;EUR;NASDAQ Helsinki;;596
20260501;BE11G7;BE0974400328;AZE.BR;AZELIS GROUP;BE;EUR;Euronext Brussels;;597
20260501;B1FW50;GB00B1FW5029;HOCM.L;HOCHSCHILD MINING;GB;GBP;London SE;Small;598
20260501;GB20F8;GB0006928617;UTG.L;UNITE GROUP PLC;GB;GBP;London SE;Small;599
20260501;GB8054;JE00BF4X3P53;JTC.L;JTC GROUP;GB;GBP;London SE;;600